
{
"song": {
"sectionLengths": [],
"player1": "bf",
"player2": "pico",
"notes": [
{
"sectionNotes": [
[
0,
2,
0
],
[
65.2173913043478,
1,
0
],
[
130.434782608696,
2,
0
],
[
195.652173913043,
3,
0
],
[
260.869565217391,
2,
0
],
[
326.086956521739,
1,
0
],
[
391.304347826087,
2,
0
],
[
456.521739130435,
0,
0
],
[
521.739130434783,
1,
0
],
[
586.95652173913,
2,
0
],
[
652.173913043478,
1,
0
],
[
717.391304347826,
0,
0
],
[
913.04347826087,
1,
0
],
[
782.608695652174,
1,
0
],
[
847.826086956522,
2,
0
],
[
978.260869565217,
2,
0
]
],
"lengthInSteps": 16,
"typeOfSection": 0,
"mustHitSection": true
},
{
"sectionNotes": [
[
1043.47826086957,
6,
0
],
[
1108.69565217391,
5,
0
],
[
1173.91304347826,
6,
0
],
[
1239.13043478261,
7,
0
],
[
1304.34782608696,
6,
0
],
[
1369.5652173913,
5,
0
],
[
1434.78260869565,
6,
0
],
[
1500,
4,
0
],
[
1565.21739130435,
5,
0
],
[
1630.4347826087,
6,
0
],
[
1695.65217391304,
5,
0
],
[
1760.86956521739,
4,
0
],
[
1956.52173913043,
5,
0
],
[
1826.08695652174,
5,
0
],
[
1891.30434782609,
6,
0
],
[
2021.73913043478,
6,
0
],
[
1043.47826086957,
6,
0
],
[
1108.69565217391,
5,
0
],
[
1173.91304347826,
6,
0
],
[
1239.13043478261,
7,
0
],
[
1304.34782608696,
6,
0
],
[
1369.5652173913,
5,
0
],
[
1434.78260869565,
6,
0
],
[
1500,
4,
0
],
[
1565.21739130435,
5,
0
],
[
1630.4347826087,
6,
0
],
[
1695.65217391304,
5,
0
],
[
1760.86956521739,
4,
0
],
[
1956.52173913043,
5,
0
],
[
1826.08695652174,
5,
0
],
[
1891.30434782609,
6,
0
],
[
2021.73913043478,
6,
0
]
],
"lengthInSteps": 16,
"typeOfSection": 0,
"mustHitSection": false
},
{
"sectionNotes": [
[
2086.95652173913,
6,
0
],
[
2152.17391304348,
5,
0
],
[
2217.39130434783,
6,
0
],
[
2282.60869565217,
7,
0
],
[
2347.82608695652,
6,
0
],
[
2413.04347826087,
5,
0
],
[
2478.26086956522,
6,
0
],
[
2543.47826086957,
4,
0
],
[
2608.69565217391,
5,
0
],
[
2673.91304347826,
6,
0
],
[
2739.13043478261,
5,
0
],
[
2804.34782608696,
4,
0
],
[
3000,
5,
0
],
[
2869.5652173913,
5,
0
],
[
2934.78260869565,
6,
0
],
[
3065.21739130435,
6,
0
]
],
"lengthInSteps": 16,
"typeOfSection": 0,
"mustHitSection": false
},
{
"sectionNotes": [
[
3130.4347826087,
6,
0
],
[
3195.65217391304,
5,
0
],
[
3260.86956521739,
6,
0
],
[
3326.08695652174,
7,
0
],
[
3391.30434782609,
6,
0
],
[
3456.52173913043,
5,
0
],
[
3521.73913043478,
6,
0
],
[
3586.95652173913,
4,
0
],
[
3652.17391304348,
5,
0
],
[
3717.39130434783,
6,
0
],
[
3782.60869565217,
5,
0
],
[
3847.82608695652,
4,
0
],
[
4043.47826086957,
5,
0
],
[
3913.04347826087,
5,
0
],
[
3978.26086956522,
6,
0
],
[
4108.69565217391,
6,
0
]
],
"lengthInSteps": 16,
"typeOfSection": 0,
"mustHitSection": false
},
{
"sectionNotes": [
[
4173.91304347826,
6,
0
],
[
4239.13043478261,
5,
0
],
[
4304.34782608696,
6,
0
],
[
4369.5652173913,
7,
0
],
[
4434.78260869565,
6,
0
],
[
4500,
5,
0
],
[
4565.21739130435,
6,
0
],
[
4630.4347826087,
4,
0
],
[
4695.65217391304,
5,
0
],
[
4760.86956521739,
6,
0
],
[
4826.08695652174,
5,
0
],
[
4891.30434782609,
4,
0
],
[
5086.95652173913,
5,
0
],
[
4956.52173913043,
5,
0
],
[
5021.73913043478,
6,
0
],
[
5152.17391304348,
6,
0
]
],
"lengthInSteps": 16,
"typeOfSection": 0,
"mustHitSection": false
},
{
"sectionNotes": [
[
5217.39130434783,
6,
0
],
[
5282.60869565217,
5,
0
],
[
5347.82608695652,
6,
0
],
[
5413.04347826087,
7,
0
],
[
5478.26086956522,
6,
0
],
[
5543.47826086957,
5,
0
],
[
5608.69565217391,
6,
0
],
[
5673.91304347826,
4,
0
],
[
5739.13043478261,
5,
0
],
[
5804.34782608696,
6,
0
],
[
5869.5652173913,
5,
0
],
[
5934.78260869565,
4,
0
],
[
6130.4347826087,
5,
0
],
[
6000,
5,
0
],
[
6065.21739130435,
6,
0
],
[
6195.65217391304,
6,
0
]
],
"lengthInSteps": 16,
"typeOfSection": 0,
"mustHitSection": false
},
{
"sectionNotes": [
[
6260.86956521739,
6,
0
],
[
6326.08695652174,
5,
0
],
[
6391.30434782609,
6,
0
],
[
6456.52173913043,
7,
0
],
[
6521.73913043478,
6,
0
],
[
6586.95652173913,
5,
0
],
[
6652.17391304348,
6,
0
],
[
6717.39130434783,
4,
0
],
[
6782.60869565217,
5,
0
],
[
6847.82608695652,
6,
0
],
[
6913.04347826087,
5,
0
],
[
6978.26086956522,
4,
0
],
[
7173.91304347826,
5,
0
],
[
7043.47826086957,
5,
0
],
[
7108.69565217391,
6,
0
],
[
7239.13043478261,
6,
0
]
],
"lengthInSteps": 16,
"typeOfSection": 0,
"mustHitSection": false
},
{
"sectionNotes": [
[
7304.34782608696,
4,
0
],
[
7369.5652173913,
4,
0
],
[
7369.5652173913,
4,
0
],
[
7500,
5,
0
],
[
7500,
6,
0
],
[
7434.78260869565,
5,
0
],
[
7434.78260869565,
6,
0
],
[
7304.34782608696,
7,
0
],
[
7369.5652173913,
7,
0
],
[
7565.21739130435,
7,
0
],
[
7630.4347826087,
7,
0
],
[
7565.21739130435,
4,
0
],
[
7565.21739130435,
4,
0
],
[
7630.4347826087,
4,
0
],
[
7695.65217391304,
5,
0
],
[
7695.65217391304,
6,
0
],
[
7760.86956521739,
5,
0
],
[
7760.86956521739,
6,
0
],
[
7826.08695652174,
4,
0
],
[
7826.08695652174,
4,
0
],
[
7891.30434782609,
4,
0
],
[
7891.30434782609,
7,
0
],
[
7826.08695652174,
7,
0
],
[
7956.52173913043,
5,
0
],
[
7956.52173913043,
6,
0
],
[
8021.73913043478,
7,
0
],
[
8086.95652173913,
7,
0
],
[
8021.73913043478,
4,
0
],
[
8086.95652173913,
4,
0
],
[
8152.17391304348,
5,
0
],
[
8152.17391304348,
6,
0
],
[
8152.17391304348,
6,
0
],
[
8217.39130434783,
5,
0
],
[
8217.39130434783,
6,
0
]
],
"lengthInSteps": 16,
"typeOfSection": 0,
"mustHitSection": false
},
{
"sectionNotes": [
[
8347.82608695652,
4,
0
],
[
8413.04347826087,
4,
0
],
[
8413.04347826087,
4,
0
],
[
8543.47826086957,
5,
0
],
[
8543.47826086957,
6,
0
],
[
8478.26086956522,
5,
0
],
[
8478.26086956522,
6,
0
],
[
8347.82608695652,
7,
0
],
[
8413.04347826087,
7,
0
],
[
8608.69565217391,
7,
0
],
[
8673.91304347826,
7,
0
],
[
8608.69565217391,
4,
0
],
[
8608.69565217391,
4,
0
],
[
8673.91304347826,
4,
0
],
[
8739.13043478261,
5,
0
],
[
8739.13043478261,
6,
0
],
[
8804.34782608696,
5,
0
],
[
8804.34782608696,
6,
0
],
[
8869.5652173913,
4,
0
],
[
8869.5652173913,
4,
0
],
[
8934.78260869565,
4,
0
],
[
8934.78260869565,
7,
0
],
[
8869.5652173913,
7,
0
],
[
9000,
5,
0
],
[
9000,
6,
0
],
[
9065.21739130435,
7,
0
],
[
9130.4347826087,
7,
0
],
[
9065.21739130435,
4,
0
],
[
9130.4347826087,
4,
0
],
[
9195.65217391304,
5,
0
],
[
9195.65217391304,
6,
0
],
[
9195.65217391304,
6,
0
],
[
9260.86956521739,
5,
0
],
[
9260.86956521739,
6,
0
]
],
"lengthInSteps": 16,
"typeOfSection": 0,
"mustHitSection": false
},
{
"sectionNotes": [
[
9391.30434782609,
4,
0
],
[
9456.52173913044,
4,
0
],
[
9456.52173913044,
4,
0
],
[
9586.95652173913,
5,
0
],
[
9586.95652173913,
6,
0
],
[
9521.73913043478,
5,
0
],
[
9521.73913043478,
6,
0
],
[
9391.30434782609,
7,
0
],
[
9456.52173913044,
7,
0
],
[
9652.17391304348,
7,
0
],
[
9717.39130434783,
7,
0
],
[
9652.17391304348,
4,
0
],
[
9652.17391304348,
4,
0
],
[
9717.39130434783,
4,
0
],
[
9782.60869565217,
5,
0
],
[
9782.60869565217,
6,
0
],
[
9847.82608695652,
5,
0
],
[
9847.82608695652,
6,
0
],
[
9913.04347826087,
4,
0
],
[
9913.04347826087,
4,
0
],
[
9978.26086956522,
4,
0
],
[
9978.26086956522,
7,
0
],
[
9913.04347826087,
7,
0
],
[
10043.4782608696,
5,
0
],
[
10043.4782608696,
6,
0
],
[
10108.6956521739,
7,
0
],
[
10173.9130434783,
7,
0
],
[
10108.6956521739,
4,
0
],
[
10173.9130434783,
4,
0
],
[
10239.1304347826,
5,
0
],
[
10239.1304347826,
6,
0
],
[
10239.1304347826,
6,
0
],
[
10304.347826087,
5,
0
],
[
10304.347826087,
6,
0
]
],
"lengthInSteps": 16,
"typeOfSection": 0,
"mustHitSection": false
},
{
"sectionNotes": [],
"lengthInSteps": 16,
"typeOfSection": 0,
"mustHitSection": false
},
{
"sectionNotes": [
[
11739.1304347826,
4,
0
],
[
11673.9130434783,
5,
0
],
[
11804.347826087,
5,
0
],
[
11869.5652173913,
6,
0
],
[
11934.7826086957,
7,
0
],
[
12000,
6,
0
]
],
"lengthInSteps": 16,
"typeOfSection": 0,